--------------------------------------------------------
--  파일이 생성됨 - 월요일-11월-09-2020   
--------------------------------------------------------
DROP SEQUENCE "DOGWORLD"."COMMENT_SEQ";
DROP SEQUENCE "DOGWORLD"."DIARY_SEQ";
DROP SEQUENCE "DOGWORLD"."GOODS_SEQ";
DROP SEQUENCE "DOGWORLD"."PET_SEQ";
DROP SEQUENCE "DOGWORLD"."POST_SEQ";
DROP SEQUENCE "DOGWORLD"."PURCHASE_SEQ";
DROP SEQUENCE "DOGWORLD"."REVIEW_SEQ";
DROP SEQUENCE "DOGWORLD"."SCHEDULE_SEQ";
DROP TABLE "DOGWORLD"."ADMIN_PURCHASE";
DROP TABLE "DOGWORLD"."CARD";
DROP TABLE "DOGWORLD"."DIARY";
DROP TABLE "DOGWORLD"."DIET";
DROP TABLE "DOGWORLD"."FRIENDS";
DROP TABLE "DOGWORLD"."GOODS";
DROP TABLE "DOGWORLD"."PET";
DROP TABLE "DOGWORLD"."POST";
DROP TABLE "DOGWORLD"."POST_LIKE";
DROP TABLE "DOGWORLD"."PURCHASE";
DROP TABLE "DOGWORLD"."P_COMMENT";
DROP TABLE "DOGWORLD"."REVIEW";
DROP TABLE "DOGWORLD"."SCHEDULE";
DROP TABLE "DOGWORLD"."USER_INFO";
--------------------------------------------------------
--  DDL for Sequence COMMENT_SEQ
--------------------------------------------------------

   CREATE SEQUENCE  "DOGWORLD"."COMMENT_SEQ"  MINVALUE 1 MAXVALUE 9999999999999 INCREMENT BY 1 START WITH 41 CACHE 20 NOORDER  NOCYCLE ;
--------------------------------------------------------
--  DDL for Sequence DIARY_SEQ
--------------------------------------------------------

   CREATE SEQUENCE  "DOGWORLD"."DIARY_SEQ"  MINVALUE 1 MAXVALUE 9999999999999999999999999999 INCREMENT BY 1 START WITH 41 CACHE 20 NOORDER  NOCYCLE ;
--------------------------------------------------------
--  DDL for Sequence GOODS_SEQ
--------------------------------------------------------

   CREATE SEQUENCE  "DOGWORLD"."GOODS_SEQ"  MINVALUE 1 MAXVALUE 9999999999999 INCREMENT BY 1 START WITH 71 CACHE 20 NOORDER  NOCYCLE ;
--------------------------------------------------------
--  DDL for Sequence PET_SEQ
--------------------------------------------------------

   CREATE SEQUENCE  "DOGWORLD"."PET_SEQ"  MINVALUE 1 MAXVALUE 9999999999999999999999999999 INCREMENT BY 1 START WITH 41 CACHE 20 NOORDER  NOCYCLE ;
--------------------------------------------------------
--  DDL for Sequence POST_SEQ
--------------------------------------------------------

   CREATE SEQUENCE  "DOGWORLD"."POST_SEQ"  MINVALUE 1 MAXVALUE 9999999999999 INCREMENT BY 1 START WITH 21 CACHE 20 NOORDER  NOCYCLE ;
--------------------------------------------------------
--  DDL for Sequence PURCHASE_SEQ
--------------------------------------------------------

   CREATE SEQUENCE  "DOGWORLD"."PURCHASE_SEQ"  MINVALUE 1 MAXVALUE 9999999999999 INCREMENT BY 1 START WITH 121 CACHE 20 NOORDER  NOCYCLE ;
--------------------------------------------------------
--  DDL for Sequence REVIEW_SEQ
--------------------------------------------------------

   CREATE SEQUENCE  "DOGWORLD"."REVIEW_SEQ"  MINVALUE 1 MAXVALUE 9999999999999 INCREMENT BY 1 START WITH 71 CACHE 20 NOORDER  NOCYCLE ;
--------------------------------------------------------
--  DDL for Sequence SCHEDULE_SEQ
--------------------------------------------------------

   CREATE SEQUENCE  "DOGWORLD"."SCHEDULE_SEQ"  MINVALUE 1 MAXVALUE 9999999999999999999999999999 INCREMENT BY 1 START WITH 21 CACHE 20 NOORDER  NOCYCLE ;
--------------------------------------------------------
--  DDL for Table ADMIN_PURCHASE
--------------------------------------------------------

  CREATE TABLE "DOGWORLD"."ADMIN_PURCHASE" 
   (	"USER_ID" VARCHAR2(20 BYTE), 
	"GOODS_ID" NUMBER, 
	"NAME" VARCHAR2(20 BYTE), 
	"DELIVER" VARCHAR2(100 BYTE), 
	"PHONE" VARCHAR2(20 BYTE), 
	"BUYDATE" DATE, 
	"P_CHECK" NUMBER, 
	"COUNT" NUMBER, 
	"PURCHASE_ID" NUMBER
   ) SEGMENT CREATION IMMEDIATE 
  PCTFREE 10 PCTUSED 40 INITRANS 1 MAXTRANS 255 NOCOMPRESS LOGGING
  STORAGE(INITIAL 65536 NEXT 1048576 MINEXTENTS 1 MAXEXTENTS 2147483645
  PCTINCREASE 0 FREELISTS 1 FREELIST GROUPS 1 BUFFER_POOL DEFAULT FLASH_CACHE DEFAULT CELL_FLASH_CACHE DEFAULT)
  TABLESPACE "SYSTEM" ;
--------------------------------------------------------
--  DDL for Table CARD
--------------------------------------------------------

  CREATE TABLE "DOGWORLD"."CARD" 
   (	"CARD_NUM" VARCHAR2(20 BYTE), 
	"CVC" NUMBER, 
	"CARD_LIM_YEAR" NUMBER, 
	"CARD_LIM_MONTH" NUMBER, 
	"PASSWORD" NUMBER, 
	"USER_ID" VARCHAR2(20 BYTE), 
	"BANK" NUMBER
   ) SEGMENT CREATION IMMEDIATE 
  PCTFREE 10 PCTUSED 40 INITRANS 1 MAXTRANS 255 NOCOMPRESS LOGGING
  STORAGE(INITIAL 65536 NEXT 1048576 MINEXTENTS 1 MAXEXTENTS 2147483645
  PCTINCREASE 0 FREELISTS 1 FREELIST GROUPS 1 BUFFER_POOL DEFAULT FLASH_CACHE DEFAULT CELL_FLASH_CACHE DEFAULT)
  TABLESPACE "SYSTEM" ;
--------------------------------------------------------
--  DDL for Table DIARY
--------------------------------------------------------

  CREATE TABLE "DOGWORLD"."DIARY" 
   (	"DIARY_NO" NUMBER, 
	"TITLE" VARCHAR2(100 BYTE), 
	"REGDATE" DATE, 
	"T_CONTENT" CLOB, 
	"IMG" VARCHAR2(100 BYTE), 
	"USER_ID" VARCHAR2(20 BYTE)
   ) SEGMENT CREATION IMMEDIATE 
  PCTFREE 10 PCTUSED 40 INITRANS 1 MAXTRANS 255 NOCOMPRESS LOGGING
  STORAGE(INITIAL 65536 NEXT 1048576 MINEXTENTS 1 MAXEXTENTS 2147483645
  PCTINCREASE 0 FREELISTS 1 FREELIST GROUPS 1 BUFFER_POOL DEFAULT FLASH_CACHE DEFAULT CELL_FLASH_CACHE DEFAULT)
  TABLESPACE "SYSTEM" 
 LOB ("T_CONTENT") STORE AS BASICFILE (
  TABLESPACE "SYSTEM" ENABLE STORAGE IN ROW CHUNK 8192 RETENTION 
  NOCACHE LOGGING 
  STORAGE(INITIAL 65536 NEXT 1048576 MINEXTENTS 1 MAXEXTENTS 2147483645
  PCTINCREASE 0 FREELISTS 1 FREELIST GROUPS 1 BUFFER_POOL DEFAULT FLASH_CACHE DEFAULT CELL_FLASH_CACHE DEFAULT)) ;
--------------------------------------------------------
--  DDL for Table DIET
--------------------------------------------------------

  CREATE TABLE "DOGWORLD"."DIET" 
   (	"WEIGHT" NUMBER, 
	"REGDATE" DATE, 
	"PET_ID" NUMBER
   ) SEGMENT CREATION IMMEDIATE 
  PCTFREE 10 PCTUSED 40 INITRANS 1 MAXTRANS 255 NOCOMPRESS LOGGING
  STORAGE(INITIAL 65536 NEXT 1048576 MINEXTENTS 1 MAXEXTENTS 2147483645
  PCTINCREASE 0 FREELISTS 1 FREELIST GROUPS 1 BUFFER_POOL DEFAULT FLASH_CACHE DEFAULT CELL_FLASH_CACHE DEFAULT)
  TABLESPACE "SYSTEM" ;
--------------------------------------------------------
--  DDL for Table FRIENDS
--------------------------------------------------------

  CREATE TABLE "DOGWORLD"."FRIENDS" 
   (	"FOLLOWER" VARCHAR2(20 BYTE), 
	"FOLLOWING" VARCHAR2(20 BYTE)
   ) SEGMENT CREATION IMMEDIATE 
  PCTFREE 10 PCTUSED 40 INITRANS 1 MAXTRANS 255 NOCOMPRESS LOGGING
  STORAGE(INITIAL 65536 NEXT 1048576 MINEXTENTS 1 MAXEXTENTS 2147483645
  PCTINCREASE 0 FREELISTS 1 FREELIST GROUPS 1 BUFFER_POOL DEFAULT FLASH_CACHE DEFAULT CELL_FLASH_CACHE DEFAULT)
  TABLESPACE "SYSTEM" ;
--------------------------------------------------------
--  DDL for Table GOODS
--------------------------------------------------------

  CREATE TABLE "DOGWORLD"."GOODS" 
   (	"GOODS_ID" NUMBER, 
	"NAME" VARCHAR2(100 BYTE), 
	"PRICE" NUMBER, 
	"IMG" VARCHAR2(100 BYTE), 
	"DETAIL_IMG" VARCHAR2(100 BYTE), 
	"CATEGORY" NUMBER, 
	"COUNT" NUMBER
   ) SEGMENT CREATION IMMEDIATE 
  PCTFREE 10 PCTUSED 40 INITRANS 1 MAXTRANS 255 NOCOMPRESS LOGGING
  STORAGE(INITIAL 65536 NEXT 1048576 MINEXTENTS 1 MAXEXTENTS 2147483645
  PCTINCREASE 0 FREELISTS 1 FREELIST GROUPS 1 BUFFER_POOL DEFAULT FLASH_CACHE DEFAULT CELL_FLASH_CACHE DEFAULT)
  TABLESPACE "SYSTEM" ;
--------------------------------------------------------
--  DDL for Table PET
--------------------------------------------------------

  CREATE TABLE "DOGWORLD"."PET" 
   (	"PET_ID" NUMBER, 
	"NAME" VARCHAR2(20 BYTE), 
	"AGE" NUMBER, 
	"KIND" VARCHAR2(20 BYTE), 
	"IMG" VARCHAR2(100 BYTE), 
	"USER_ID" VARCHAR2(20 BYTE)
   ) SEGMENT CREATION IMMEDIATE 
  PCTFREE 10 PCTUSED 40 INITRANS 1 MAXTRANS 255 NOCOMPRESS LOGGING
  STORAGE(INITIAL 65536 NEXT 1048576 MINEXTENTS 1 MAXEXTENTS 2147483645
  PCTINCREASE 0 FREELISTS 1 FREELIST GROUPS 1 BUFFER_POOL DEFAULT FLASH_CACHE DEFAULT CELL_FLASH_CACHE DEFAULT)
  TABLESPACE "SYSTEM" ;
--------------------------------------------------------
--  DDL for Table POST
--------------------------------------------------------

  CREATE TABLE "DOGWORLD"."POST" 
   (	"POST_ID" NUMBER, 
	"T_CONTENT" CLOB, 
	"IMG" VARCHAR2(100 BYTE), 
	"POSTDATE" TIMESTAMP (6) DEFAULT sysdate, 
	"USER_ID" VARCHAR2(20 BYTE)
   ) SEGMENT CREATION IMMEDIATE 
  PCTFREE 10 PCTUSED 40 INITRANS 1 MAXTRANS 255 NOCOMPRESS LOGGING
  STORAGE(INITIAL 65536 NEXT 1048576 MINEXTENTS 1 MAXEXTENTS 2147483645
  PCTINCREASE 0 FREELISTS 1 FREELIST GROUPS 1 BUFFER_POOL DEFAULT FLASH_CACHE DEFAULT CELL_FLASH_CACHE DEFAULT)
  TABLESPACE "SYSTEM" 
 LOB ("T_CONTENT") STORE AS BASICFILE (
  TABLESPACE "SYSTEM" ENABLE STORAGE IN ROW CHUNK 8192 RETENTION 
  NOCACHE LOGGING 
  STORAGE(INITIAL 65536 NEXT 1048576 MINEXTENTS 1 MAXEXTENTS 2147483645
  PCTINCREASE 0 FREELISTS 1 FREELIST GROUPS 1 BUFFER_POOL DEFAULT FLASH_CACHE DEFAULT CELL_FLASH_CACHE DEFAULT)) ;
--------------------------------------------------------
--  DDL for Table POST_LIKE
--------------------------------------------------------

  CREATE TABLE "DOGWORLD"."POST_LIKE" 
   (	"POST_ID" NUMBER, 
	"USER_ID" VARCHAR2(20 BYTE)
   ) SEGMENT CREATION IMMEDIATE 
  PCTFREE 10 PCTUSED 40 INITRANS 1 MAXTRANS 255 NOCOMPRESS LOGGING
  STORAGE(INITIAL 65536 NEXT 1048576 MINEXTENTS 1 MAXEXTENTS 2147483645
  PCTINCREASE 0 FREELISTS 1 FREELIST GROUPS 1 BUFFER_POOL DEFAULT FLASH_CACHE DEFAULT CELL_FLASH_CACHE DEFAULT)
  TABLESPACE "SYSTEM" ;
--------------------------------------------------------
--  DDL for Table PURCHASE
--------------------------------------------------------

  CREATE TABLE "DOGWORLD"."PURCHASE" 
   (	"USER_ID" VARCHAR2(20 BYTE), 
	"GOODS_ID" NUMBER, 
	"NAME" VARCHAR2(20 BYTE), 
	"DELIVER" VARCHAR2(100 BYTE), 
	"PHONE" VARCHAR2(20 BYTE), 
	"BUYDATE" DATE DEFAULT sysdate, 
	"P_CHECK" NUMBER, 
	"COUNT" NUMBER, 
	"PURCHASE_ID" NUMBER
   ) SEGMENT CREATION IMMEDIATE 
  PCTFREE 10 PCTUSED 40 INITRANS 1 MAXTRANS 255 NOCOMPRESS LOGGING
  STORAGE(INITIAL 65536 NEXT 1048576 MINEXTENTS 1 MAXEXTENTS 2147483645
  PCTINCREASE 0 FREELISTS 1 FREELIST GROUPS 1 BUFFER_POOL DEFAULT FLASH_CACHE DEFAULT CELL_FLASH_CACHE DEFAULT)
  TABLESPACE "SYSTEM" ;
--------------------------------------------------------
--  DDL for Table P_COMMENT
--------------------------------------------------------

  CREATE TABLE "DOGWORLD"."P_COMMENT" 
   (	"T_CONTENT" CLOB, 
	"REGDATE" TIMESTAMP (6), 
	"POST_ID" NUMBER, 
	"USER_ID" VARCHAR2(20 BYTE), 
	"COMMENT_ID" NUMBER
   ) SEGMENT CREATION IMMEDIATE 
  PCTFREE 10 PCTUSED 40 INITRANS 1 MAXTRANS 255 NOCOMPRESS LOGGING
  STORAGE(INITIAL 65536 NEXT 1048576 MINEXTENTS 1 MAXEXTENTS 2147483645
  PCTINCREASE 0 FREELISTS 1 FREELIST GROUPS 1 BUFFER_POOL DEFAULT FLASH_CACHE DEFAULT CELL_FLASH_CACHE DEFAULT)
  TABLESPACE "SYSTEM" 
 LOB ("T_CONTENT") STORE AS BASICFILE (
  TABLESPACE "SYSTEM" ENABLE STORAGE IN ROW CHUNK 8192 RETENTION 
  NOCACHE LOGGING 
  STORAGE(INITIAL 65536 NEXT 1048576 MINEXTENTS 1 MAXEXTENTS 2147483645
  PCTINCREASE 0 FREELISTS 1 FREELIST GROUPS 1 BUFFER_POOL DEFAULT FLASH_CACHE DEFAULT CELL_FLASH_CACHE DEFAULT)) ;
--------------------------------------------------------
--  DDL for Table REVIEW
--------------------------------------------------------

  CREATE TABLE "DOGWORLD"."REVIEW" 
   (	"USER_ID" VARCHAR2(20 BYTE), 
	"GOODS_ID" NUMBER, 
	"T_CONTENT" CLOB, 
	"IMAGE" VARCHAR2(100 BYTE), 
	"REGDATE" DATE DEFAULT sysdate, 
	"REVIEW_ID" NUMBER
   ) SEGMENT CREATION IMMEDIATE 
  PCTFREE 10 PCTUSED 40 INITRANS 1 MAXTRANS 255 NOCOMPRESS LOGGING
  STORAGE(INITIAL 65536 NEXT 1048576 MINEXTENTS 1 MAXEXTENTS 2147483645
  PCTINCREASE 0 FREELISTS 1 FREELIST GROUPS 1 BUFFER_POOL DEFAULT FLASH_CACHE DEFAULT CELL_FLASH_CACHE DEFAULT)
  TABLESPACE "SYSTEM" 
 LOB ("T_CONTENT") STORE AS BASICFILE (
  TABLESPACE "SYSTEM" ENABLE STORAGE IN ROW CHUNK 8192 RETENTION 
  NOCACHE LOGGING 
  STORAGE(INITIAL 65536 NEXT 1048576 MINEXTENTS 1 MAXEXTENTS 2147483645
  PCTINCREASE 0 FREELISTS 1 FREELIST GROUPS 1 BUFFER_POOL DEFAULT FLASH_CACHE DEFAULT CELL_FLASH_CACHE DEFAULT)) ;
--------------------------------------------------------
--  DDL for Table SCHEDULE
--------------------------------------------------------

  CREATE TABLE "DOGWORLD"."SCHEDULE" 
   (	"SCHEDULE_NO" NUMBER, 
	"T_CONTENT" CLOB, 
	"START_DATE" TIMESTAMP (6), 
	"END_DATE" TIMESTAMP (6), 
	"S_CHECK" NUMBER DEFAULT 0, 
	"USER_ID" VARCHAR2(20 BYTE)
   ) SEGMENT CREATION IMMEDIATE 
  PCTFREE 10 PCTUSED 40 INITRANS 1 MAXTRANS 255 NOCOMPRESS LOGGING
  STORAGE(INITIAL 65536 NEXT 1048576 MINEXTENTS 1 MAXEXTENTS 2147483645
  PCTINCREASE 0 FREELISTS 1 FREELIST GROUPS 1 BUFFER_POOL DEFAULT FLASH_CACHE DEFAULT CELL_FLASH_CACHE DEFAULT)
  TABLESPACE "SYSTEM" 
 LOB ("T_CONTENT") STORE AS BASICFILE (
  TABLESPACE "SYSTEM" ENABLE STORAGE IN ROW CHUNK 8192 RETENTION 
  NOCACHE LOGGING 
  STORAGE(INITIAL 65536 NEXT 1048576 MINEXTENTS 1 MAXEXTENTS 2147483645
  PCTINCREASE 0 FREELISTS 1 FREELIST GROUPS 1 BUFFER_POOL DEFAULT FLASH_CACHE DEFAULT CELL_FLASH_CACHE DEFAULT)) ;
--------------------------------------------------------
--  DDL for Table USER_INFO
--------------------------------------------------------

  CREATE TABLE "DOGWORLD"."USER_INFO" 
   (	"USER_ID" VARCHAR2(20 BYTE), 
	"PASSWORD" VARCHAR2(20 BYTE), 
	"NAME" VARCHAR2(100 BYTE), 
	"ADDRESS" VARCHAR2(200 BYTE), 
	"EMAIL" VARCHAR2(100 BYTE), 
	"PHONE" VARCHAR2(20 BYTE)
   ) SEGMENT CREATION IMMEDIATE 
  PCTFREE 10 PCTUSED 40 INITRANS 1 MAXTRANS 255 NOCOMPRESS LOGGING
  STORAGE(INITIAL 65536 NEXT 1048576 MINEXTENTS 1 MAXEXTENTS 2147483645
  PCTINCREASE 0 FREELISTS 1 FREELIST GROUPS 1 BUFFER_POOL DEFAULT FLASH_CACHE DEFAULT CELL_FLASH_CACHE DEFAULT)
  TABLESPACE "SYSTEM" ;
REM INSERTING into DOGWORLD.ADMIN_PURCHASE
SET DEFINE OFF;
Insert into DOGWORLD.ADMIN_PURCHASE (USER_ID,GOODS_ID,NAME,DELIVER,PHONE,BUYDATE,P_CHECK,COUNT,PURCHASE_ID) values ('kang123',2,'강현구','경기도 안양시 만안구 냉천로175번길 13, 78 (안양동)','01011112222',to_date('20/11/09','RR/MM/DD'),2,1,82);
Insert into DOGWORLD.ADMIN_PURCHASE (USER_ID,GOODS_ID,NAME,DELIVER,PHONE,BUYDATE,P_CHECK,COUNT,PURCHASE_ID) values ('kang123',3,'강현구','제주특별자치도 제주시 조천읍 신촌3길 27, 123 (신흥연립주택)','01011111111',to_date('20/11/09','RR/MM/DD'),3,1,101);
Insert into DOGWORLD.ADMIN_PURCHASE (USER_ID,GOODS_ID,NAME,DELIVER,PHONE,BUYDATE,P_CHECK,COUNT,PURCHASE_ID) values ('kang123',23,'강현구','제주특별자치도 제주시 조천읍 신촌3길 27, 123 (신흥연립주택)','01011111111',to_date('20/11/09','RR/MM/DD'),3,1,103);
Insert into DOGWORLD.ADMIN_PURCHASE (USER_ID,GOODS_ID,NAME,DELIVER,PHONE,BUYDATE,P_CHECK,COUNT,PURCHASE_ID) values ('kang123',13,'강현구','제주특별자치도 제주시 조천읍 신촌3길 27, 123 (신흥연립주택)','01011111111',to_date('20/11/09','RR/MM/DD'),3,1,102);
Insert into DOGWORLD.ADMIN_PURCHASE (USER_ID,GOODS_ID,NAME,DELIVER,PHONE,BUYDATE,P_CHECK,COUNT,PURCHASE_ID) values ('aaa123',3,'슈퍼맨','경기도 안양시 만안구 냉천로175번길 13, 123 (안양동)','01011112222',to_date('20/11/09','RR/MM/DD'),4,10,104);
Insert into DOGWORLD.ADMIN_PURCHASE (USER_ID,GOODS_ID,NAME,DELIVER,PHONE,BUYDATE,P_CHECK,COUNT,PURCHASE_ID) values ('zzz123',1,'강현구','제주특별자치도 제주시 조천읍 신촌3길 27, 123 (신흥연립주택)','01011112222',to_date('20/11/09','RR/MM/DD'),4,2,105);
Insert into DOGWORLD.ADMIN_PURCHASE (USER_ID,GOODS_ID,NAME,DELIVER,PHONE,BUYDATE,P_CHECK,COUNT,PURCHASE_ID) values ('zzz123',2,'강현구','제주특별자치도 제주시 조천읍 신촌3길 27, 123 (신흥연립주택)','01011112222',to_date('20/11/09','RR/MM/DD'),4,2,106);
Insert into DOGWORLD.ADMIN_PURCHASE (USER_ID,GOODS_ID,NAME,DELIVER,PHONE,BUYDATE,P_CHECK,COUNT,PURCHASE_ID) values ('kang123',4,'강현구','제주특별자치도 제주시 조천읍 신촌3길 27, 123 (신흥연립주택)','01022222222',to_date('20/11/09','RR/MM/DD'),3,1,108);
Insert into DOGWORLD.ADMIN_PURCHASE (USER_ID,GOODS_ID,NAME,DELIVER,PHONE,BUYDATE,P_CHECK,COUNT,PURCHASE_ID) values ('kang123',5,'강현구','제주특별자치도 제주시 조천읍 신촌3길 27, 123 (신흥연립주택)','01022222222',to_date('20/11/09','RR/MM/DD'),3,2,109);
Insert into DOGWORLD.ADMIN_PURCHASE (USER_ID,GOODS_ID,NAME,DELIVER,PHONE,BUYDATE,P_CHECK,COUNT,PURCHASE_ID) values ('kang123',14,'강현구','제주특별자치도 제주시 조천읍 신촌3길 27, 123 (신흥연립주택)','01022222222',to_date('20/11/09','RR/MM/DD'),2,1,110);
Insert into DOGWORLD.ADMIN_PURCHASE (USER_ID,GOODS_ID,NAME,DELIVER,PHONE,BUYDATE,P_CHECK,COUNT,PURCHASE_ID) values ('aaa123',23,'강현구','서울특별시 강남구 삼성로115길 16-1, 123 (삼성동)','01022222222',to_date('20/11/09','RR/MM/DD'),1,1,111);
Insert into DOGWORLD.ADMIN_PURCHASE (USER_ID,GOODS_ID,NAME,DELIVER,PHONE,BUYDATE,P_CHECK,COUNT,PURCHASE_ID) values ('aaa123',25,'강현구','서울특별시 강남구 삼성로115길 16-1, 123 (삼성동)','01022222222',to_date('20/11/09','RR/MM/DD'),2,1,112);
Insert into DOGWORLD.ADMIN_PURCHASE (USER_ID,GOODS_ID,NAME,DELIVER,PHONE,BUYDATE,P_CHECK,COUNT,PURCHASE_ID) values ('aaa123',12,'강현구','서울특별시 강남구 삼성로115길 16-1, 123 (삼성동)','01022222222',to_date('20/11/09','RR/MM/DD'),4,1,113);
Insert into DOGWORLD.ADMIN_PURCHASE (USER_ID,GOODS_ID,NAME,DELIVER,PHONE,BUYDATE,P_CHECK,COUNT,PURCHASE_ID) values ('bbb123',1,'강현구','경기도 안산시 단원구 신촌3길 27, 123 (초지동)','01022222222',to_date('20/11/09','RR/MM/DD'),1,1,114);
Insert into DOGWORLD.ADMIN_PURCHASE (USER_ID,GOODS_ID,NAME,DELIVER,PHONE,BUYDATE,P_CHECK,COUNT,PURCHASE_ID) values ('aaa123',4,'강현구','서울특별시 강남구 테헤란로 지하 156, 123 (역삼동)','01024681357',to_date('20/11/09','RR/MM/DD'),1,1,115);
Insert into DOGWORLD.ADMIN_PURCHASE (USER_ID,GOODS_ID,NAME,DELIVER,PHONE,BUYDATE,P_CHECK,COUNT,PURCHASE_ID) values ('bbb123',4,'송동규','제주특별자치도 제주시 조천읍 신촌3길 27, 123 (신흥연립주택)','01012341234',to_date('20/11/09','RR/MM/DD'),1,2,116);
Insert into DOGWORLD.ADMIN_PURCHASE (USER_ID,GOODS_ID,NAME,DELIVER,PHONE,BUYDATE,P_CHECK,COUNT,PURCHASE_ID) values ('kang123',13,'강현구','제주특별자치도 제주시 조천읍 신촌3길 27, 123 (신흥연립주택)','01022222222',to_date('20/11/09','RR/MM/DD'),1,1,117);
REM INSERTING into DOGWORLD.CARD
SET DEFINE OFF;
Insert into DOGWORLD.CARD (CARD_NUM,CVC,CARD_LIM_YEAR,CARD_LIM_MONTH,PASSWORD,USER_ID,BANK) values ('2352-1234-1234-1937',123,25,12,1234,'zzz123',1);
Insert into DOGWORLD.CARD (CARD_NUM,CVC,CARD_LIM_YEAR,CARD_LIM_MONTH,PASSWORD,USER_ID,BANK) values ('7456-2378-5674-3457',123,22,7,1234,'bbb123',5);
Insert into DOGWORLD.CARD (CARD_NUM,CVC,CARD_LIM_YEAR,CARD_LIM_MONTH,PASSWORD,USER_ID,BANK) values ('4323-6235-2361-2464',123,24,12,1234,'kang123',1);
REM INSERTING into DOGWORLD.DIARY
SET DEFINE OFF;
Insert into DOGWORLD.DIARY (DIARY_NO,t_content,TITLE,REGDATE,IMG,USER_ID) values (25,'산책 가자고 난리도 아니야;;','산책 시켰다',to_date('20/11/09','RR/MM/DD'),'비숑81.jpeg','kang123');
Insert into DOGWORLD.DIARY (DIARY_NO,t_content,TITLE,REGDATE,IMG,USER_ID) values (26,'병원가서 화내는거봐....','아프지마...',to_date('20/11/06','RR/MM/DD'),'비숑41.jpeg','kang123');
Insert into DOGWORLD.DIARY (DIARY_NO,t_content,TITLE,REGDATE,IMG,USER_ID) values (27,'산책나가니까 너무 좋아하네','오늘도 산책',to_date('20/11/03','RR/MM/DD'),'비숑31.jpeg','kang123');
REM INSERTING into DOGWORLD.DIET
SET DEFINE OFF;
Insert into DOGWORLD.DIET (WEIGHT,REGDATE,PET_ID) values (10,to_date('20/02/01','RR/MM/DD'),32);
Insert into DOGWORLD.DIET (WEIGHT,REGDATE,PET_ID) values (8,to_date('20/09/01','RR/MM/DD'),32);
Insert into DOGWORLD.DIET (WEIGHT,REGDATE,PET_ID) values (12,to_date('20/04/01','RR/MM/DD'),32);
Insert into DOGWORLD.DIET (WEIGHT,REGDATE,PET_ID) values (10,to_date('20/05/01','RR/MM/DD'),32);
Insert into DOGWORLD.DIET (WEIGHT,REGDATE,PET_ID) values (9,to_date('20/07/01','RR/MM/DD'),32);
Insert into DOGWORLD.DIET (WEIGHT,REGDATE,PET_ID) values (6,to_date('20/06/01','RR/MM/DD'),32);
Insert into DOGWORLD.DIET (WEIGHT,REGDATE,PET_ID) values (13,to_date('20/03/01','RR/MM/DD'),32);
Insert into DOGWORLD.DIET (WEIGHT,REGDATE,PET_ID) values (3,to_date('20/11/09','RR/MM/DD'),32);
Insert into DOGWORLD.DIET (WEIGHT,REGDATE,PET_ID) values (10,to_date('20/10/01','RR/MM/DD'),32);
REM INSERTING into DOGWORLD.FRIENDS
SET DEFINE OFF;
Insert into DOGWORLD.FRIENDS (FOLLOWER,FOLLOWING) values ('kang123','zzz123');
Insert into DOGWORLD.FRIENDS (FOLLOWER,FOLLOWING) values ('aaa123','kang123');
Insert into DOGWORLD.FRIENDS (FOLLOWER,FOLLOWING) values ('bbb123','kang123');
Insert into DOGWORLD.FRIENDS (FOLLOWER,FOLLOWING) values ('aaa123','bbb123');
Insert into DOGWORLD.FRIENDS (FOLLOWER,FOLLOWING) values ('kang123','aaa123');
Insert into DOGWORLD.FRIENDS (FOLLOWER,FOLLOWING) values ('kang123','bbb123');
REM INSERTING into DOGWORLD.GOODS
SET DEFINE OFF;
Insert into DOGWORLD.GOODS (GOODS_ID,NAME,PRICE,IMG,DETAIL_IMG,CATEGORY,COUNT) values (1,'울트라 그레인 프리 닭고기 포뮬라',86200,'../../upload/goods/1.jpg','../../upload/goods/1_detail.jpg',1,97);
Insert into DOGWORLD.GOODS (GOODS_ID,NAME,PRICE,IMG,DETAIL_IMG,CATEGORY,COUNT) values (2,'힐스 사이언스다이어트 강아지 사료 어덜드 스몰포 1.5kg',18900,'../../upload/goods/2.jpg','../../upload/goods/2_detail.jpg',1,96);
Insert into DOGWORLD.GOODS (GOODS_ID,NAME,PRICE,IMG,DETAIL_IMG,CATEGORY,COUNT) values (3,'내츄럴코어 ECO1 유기농 양고기 S 7kg',44200,'../../upload/goods/3.jpg','../../upload/goods/3_detail.jpg',1,96);
Insert into DOGWORLD.GOODS (GOODS_ID,NAME,PRICE,IMG,DETAIL_IMG,CATEGORY,COUNT) values (4,'나우 피쉬 스몰브리드 어덜트 2.72kg',38500,'../../upload/goods/4.jpg','../../upload/goods/4_detail.jpg',1,95);
Insert into DOGWORLD.GOODS (GOODS_ID,NAME,PRICE,IMG,DETAIL_IMG,CATEGORY,COUNT) values (5,'국산 오가닉스 수제 애견간식 껌 져키 사사미 모음',3600,'../../upload/goods/5.jpg','../../upload/goods/5_detail.jpg',1,96);
Insert into DOGWORLD.GOODS (GOODS_ID,NAME,PRICE,IMG,DETAIL_IMG,CATEGORY,COUNT) values (6,'아르테미스 제스퍼 저키 연어 400g',4300,'../../upload/goods/6.jpg','../../upload/goods/6_detail.jpg',1,104);
Insert into DOGWORLD.GOODS (GOODS_ID,NAME,PRICE,IMG,DETAIL_IMG,CATEGORY,COUNT) values (7,'빅츄 대용량 저키 1kg',16200,'../../upload/goods/7.jpg','../../upload/goods/7_detail.jpg',1,100);
Insert into DOGWORLD.GOODS (GOODS_ID,NAME,PRICE,IMG,DETAIL_IMG,CATEGORY,COUNT) values (8,'콜라겐 치킨말이 우유',48000,'../../upload/goods/8.jpg','../../upload/goods/8_detail.jpg',1,100);
Insert into DOGWORLD.GOODS (GOODS_ID,NAME,PRICE,IMG,DETAIL_IMG,CATEGORY,COUNT) values (9,'네츄럴코어소프트델리 치킨 800g',10900,'../../upload/goods/9.jpg','../../upload/goods/9_detail.jpg',1,100);
Insert into DOGWORLD.GOODS (GOODS_ID,NAME,PRICE,IMG,DETAIL_IMG,CATEGORY,COUNT) values (10,'내추럴발란스 야채 포뮬라 L 6.12kg',56000,'../../upload/goods/10.jpg','../../upload/goods/10_detail.jpg',1,100);
Insert into DOGWORLD.GOODS (GOODS_ID,NAME,PRICE,IMG,DETAIL_IMG,CATEGORY,COUNT) values (11,'협성로하스 아몬드크리스피 473ml',35000,'../../upload/goods/11.jpg','../../upload/goods/11_detail.jpg',2,100);
Insert into DOGWORLD.GOODS (GOODS_ID,NAME,PRICE,IMG,DETAIL_IMG,CATEGORY,COUNT) values (12,'도그비잉yu 파머그래닛 볼륨 400ml',26820,'../../upload/goods/12.jpg','../../upload/goods/12_detail.jpg',2,97);
Insert into DOGWORLD.GOODS (GOODS_ID,NAME,PRICE,IMG,DETAIL_IMG,CATEGORY,COUNT) values (13,'베러펫 크리신 샴푸 손상케어 500ml',25000,'../../upload/goods/13.jpg','../../upload/goods/13_detail.jpg',2,96);
Insert into DOGWORLD.GOODS (GOODS_ID,NAME,PRICE,IMG,DETAIL_IMG,CATEGORY,COUNT) values (14,'쉐드킬러 죽은털 제거 브러쉬',8600,'../../upload/goods/14.jpg','../../upload/goods/14_detail.jpg',2,97);
Insert into DOGWORLD.GOODS (GOODS_ID,NAME,PRICE,IMG,DETAIL_IMG,CATEGORY,COUNT) values (15,'퍼미네이터 회전날빗-L',16900,'../../upload/goods/15.jpg','../../upload/goods/15_detail.jpg',2,100);
Insert into DOGWORLD.GOODS (GOODS_ID,NAME,PRICE,IMG,DETAIL_IMG,CATEGORY,COUNT) values (16,'RK-6200 이발기',95850,'../../upload/goods/16.jpg','../../upload/goods/16_detail.jpg',2,100);
Insert into DOGWORLD.GOODS (GOODS_ID,NAME,PRICE,IMG,DETAIL_IMG,CATEGORY,COUNT) values (17,'VG101N 견용 전기이발기',62100,'../../upload/goods/17.jpg','../../upload/goods/17_detail.jpg',2,100);
Insert into DOGWORLD.GOODS (GOODS_ID,NAME,PRICE,IMG,DETAIL_IMG,CATEGORY,COUNT) values (18,'케어앤맘 반려미용 가위 전신용',13500,'../../upload/goods/18.jpg','../../upload/goods/18_detail.jpg',2,100);
Insert into DOGWORLD.GOODS (GOODS_ID,NAME,PRICE,IMG,DETAIL_IMG,CATEGORY,COUNT) values (19,'리케이V-9025최고급틴닝가위숱가위',308250,'../../upload/goods/19.jpg','../../upload/goods/19_detail.jpg',2,100);
Insert into DOGWORLD.GOODS (GOODS_ID,NAME,PRICE,IMG,DETAIL_IMG,CATEGORY,COUNT) values (20,'음이온 터치패널 스테인레스 드라이룸',2190000,'../../upload/goods/20.jpg','../../upload/goods/20_detail.jpg',2,100);
Insert into DOGWORLD.GOODS (GOODS_ID,NAME,PRICE,IMG,DETAIL_IMG,CATEGORY,COUNT) values (21,'스탠딩프릴카라 원피스 인디핑크P012',35000,'../../upload/goods/21.jpg','../../upload/goods/21_detail.jpg',3,100);
Insert into DOGWORLD.GOODS (GOODS_ID,NAME,PRICE,IMG,DETAIL_IMG,CATEGORY,COUNT) values (22,'이츠독 건우왕자 색동한복 2XL',28300,'../../upload/goods/22.jpg','../../upload/goods/22_detail.jpg',3,100);
Insert into DOGWORLD.GOODS (GOODS_ID,NAME,PRICE,IMG,DETAIL_IMG,CATEGORY,COUNT) values (23,'이츠독 아임 트리 폼폼 모자',19000,'../../upload/goods/23.jpg','../../upload/goods/23_detail.jpg',3,97);
Insert into DOGWORLD.GOODS (GOODS_ID,NAME,PRICE,IMG,DETAIL_IMG,CATEGORY,COUNT) values (24,'Alcott Leashes (알콧 리드줄) 모음',17900,'../../upload/goods/24.jpg','../../upload/goods/24_detail.jpg',3,100);
Insert into DOGWORLD.GOODS (GOODS_ID,NAME,PRICE,IMG,DETAIL_IMG,CATEGORY,COUNT) values (25,'쥬쥬베 이탈리아빈티지 하네스 L',12100,'../../upload/goods/25.jpg','../../upload/goods/25_detail.jpg',3,97);
Insert into DOGWORLD.GOODS (GOODS_ID,NAME,PRICE,IMG,DETAIL_IMG,CATEGORY,COUNT) values (26,'자동줄 소형 3M 핑크',13500,'../../upload/goods/26.jpg','../../upload/goods/26_detail.jpg',3,100);
Insert into DOGWORLD.GOODS (GOODS_ID,NAME,PRICE,IMG,DETAIL_IMG,CATEGORY,COUNT) values (27,'세나 당의 한복 연보라',89000,'../../upload/goods/27.jpg','../../upload/goods/27_detail.jpg',3,100);
Insert into DOGWORLD.GOODS (GOODS_ID,NAME,PRICE,IMG,DETAIL_IMG,CATEGORY,COUNT) values (28,'애구애구 우비 비옷 레인코트 옐로우',13900,'../../upload/goods/28.jpg','../../upload/goods/28_detail.jpg',3,100);
Insert into DOGWORLD.GOODS (GOODS_ID,NAME,PRICE,IMG,DETAIL_IMG,CATEGORY,COUNT) values (29,'도그데이즈 클래식 가죽 목줄 25mm 베이직L',47300,'../../upload/goods/29.jpg','../../upload/goods/29_detail.jpg',3,100);
Insert into DOGWORLD.GOODS (GOODS_ID,NAME,PRICE,IMG,DETAIL_IMG,CATEGORY,COUNT) values (30,'펫파파 빠삐용 Navy M',11800,'../../upload/goods/30.jpg','../../upload/goods/30_detail.jpg',3,100);
Insert into DOGWORLD.GOODS (GOODS_ID,NAME,PRICE,IMG,DETAIL_IMG,CATEGORY,COUNT) values (55,'퍼미네이터 무선발톱다듬기',45000,'../../upload/goods/311.jpg','../../upload/goods/31_detail1.jpg',2,150);
REM INSERTING into DOGWORLD.PET
SET DEFINE OFF;
Insert into DOGWORLD.PET (PET_ID,NAME,AGE,KIND,IMG,USER_ID) values (32,'점박이',3,'말티즈','말티즈1.jpeg','kang123');
Insert into DOGWORLD.PET (PET_ID,NAME,AGE,KIND,IMG,USER_ID) values (33,'고라니',2,'비숑','비숑8.jpeg','aaa123');
Insert into DOGWORLD.PET (PET_ID,NAME,AGE,KIND,IMG,USER_ID) values (34,'호랑이',4,'비숑','비숑1.jpeg','bbb123');
Insert into DOGWORLD.PET (PET_ID,NAME,AGE,KIND,IMG,USER_ID) values (31,'바둑이',2,'말티즈','비숑7.jpeg','zzz123');
REM INSERTING into DOGWORLD.POST
SET DEFINE OFF;
Insert into DOGWORLD.POST (POST_ID,t_content,IMG,POSTDATE,USER_ID) values (11,'우리집 강아지 귀엽지?','../../upload/SNS/말티즈1.jpeg',to_timestamp('20/11/09 16:16:25.000000000','RR/MM/DD HH24:MI:SSXFF'),'kang123');
Insert into DOGWORLD.POST (POST_ID,t_content,IMG,POSTDATE,USER_ID) values (10,'귀여워!','../../upload/SNS/말티즈.jpeg',to_timestamp('20/11/09 15:33:47.000000000','RR/MM/DD HH24:MI:SSXFF'),'zzz123');
Insert into DOGWORLD.POST (POST_ID,t_content,IMG,POSTDATE,USER_ID) values (12,'이웃집 강아지다!','../../upload/SNS/진돗개.jpeg',to_timestamp('20/11/09 16:16:57.000000000','RR/MM/DD HH24:MI:SSXFF'),'kang123');
Insert into DOGWORLD.POST (POST_ID,t_content,IMG,POSTDATE,USER_ID) values (14,'우리집 강아지~~ 넘 귀여워~~~!','../../upload/SNS/비숑61.jpeg',to_timestamp('20/11/09 16:48:47.000000000','RR/MM/DD HH24:MI:SSXFF'),'aaa123');
Insert into DOGWORLD.POST (POST_ID,t_content,IMG,POSTDATE,USER_ID) values (15,'귀여운 강아지닷~!!','../../upload/SNS/골든리트리버1.jpeg',to_timestamp('20/11/09 16:49:59.000000000','RR/MM/DD HH24:MI:SSXFF'),'bbb123');
REM INSERTING into DOGWORLD.POST_LIKE
SET DEFINE OFF;
Insert into DOGWORLD.POST_LIKE (POST_ID,USER_ID) values (10,'kang123');
Insert into DOGWORLD.POST_LIKE (POST_ID,USER_ID) values (11,'aaa123');
Insert into DOGWORLD.POST_LIKE (POST_ID,USER_ID) values (12,'aaa123');
Insert into DOGWORLD.POST_LIKE (POST_ID,USER_ID) values (12,'bbb123');
Insert into DOGWORLD.POST_LIKE (POST_ID,USER_ID) values (12,'kang123');
Insert into DOGWORLD.POST_LIKE (POST_ID,USER_ID) values (14,'kang123');
Insert into DOGWORLD.POST_LIKE (POST_ID,USER_ID) values (15,'bbb123');
Insert into DOGWORLD.POST_LIKE (POST_ID,USER_ID) values (15,'kang123');
REM INSERTING into DOGWORLD.PURCHASE
SET DEFINE OFF;
Insert into DOGWORLD.PURCHASE (USER_ID,GOODS_ID,NAME,DELIVER,PHONE,BUYDATE,P_CHECK,COUNT,PURCHASE_ID) values ('zzz123',2,null,null,null,to_date('20/11/09','RR/MM/DD'),0,1,107);
Insert into DOGWORLD.PURCHASE (USER_ID,GOODS_ID,NAME,DELIVER,PHONE,BUYDATE,P_CHECK,COUNT,PURCHASE_ID) values ('kang123',4,'강현구','제주특별자치도 제주시 조천읍 신촌3길 27, 123 (신흥연립주택)','01022222222',to_date('20/11/09','RR/MM/DD'),3,1,108);
Insert into DOGWORLD.PURCHASE (USER_ID,GOODS_ID,NAME,DELIVER,PHONE,BUYDATE,P_CHECK,COUNT,PURCHASE_ID) values ('kang123',5,'강현구','제주특별자치도 제주시 조천읍 신촌3길 27, 123 (신흥연립주택)','01022222222',to_date('20/11/09','RR/MM/DD'),3,2,109);
Insert into DOGWORLD.PURCHASE (USER_ID,GOODS_ID,NAME,DELIVER,PHONE,BUYDATE,P_CHECK,COUNT,PURCHASE_ID) values ('kang123',14,'강현구','제주특별자치도 제주시 조천읍 신촌3길 27, 123 (신흥연립주택)','01022222222',to_date('20/11/09','RR/MM/DD'),2,1,110);
Insert into DOGWORLD.PURCHASE (USER_ID,GOODS_ID,NAME,DELIVER,PHONE,BUYDATE,P_CHECK,COUNT,PURCHASE_ID) values ('zzz123',1,'강현구','제주특별자치도 제주시 조천읍 신촌3길 27, 123 (신흥연립주택)','01011112222',to_date('20/11/09','RR/MM/DD'),4,2,105);
Insert into DOGWORLD.PURCHASE (USER_ID,GOODS_ID,NAME,DELIVER,PHONE,BUYDATE,P_CHECK,COUNT,PURCHASE_ID) values ('zzz123',2,'강현구','제주특별자치도 제주시 조천읍 신촌3길 27, 123 (신흥연립주택)','01011112222',to_date('20/11/09','RR/MM/DD'),4,2,106);
Insert into DOGWORLD.PURCHASE (USER_ID,GOODS_ID,NAME,DELIVER,PHONE,BUYDATE,P_CHECK,COUNT,PURCHASE_ID) values ('aaa123',23,'강현구','서울특별시 강남구 삼성로115길 16-1, 123 (삼성동)','01022222222',to_date('20/11/09','RR/MM/DD'),1,1,111);
Insert into DOGWORLD.PURCHASE (USER_ID,GOODS_ID,NAME,DELIVER,PHONE,BUYDATE,P_CHECK,COUNT,PURCHASE_ID) values ('aaa123',25,'강현구','서울특별시 강남구 삼성로115길 16-1, 123 (삼성동)','01022222222',to_date('20/11/09','RR/MM/DD'),2,1,112);
Insert into DOGWORLD.PURCHASE (USER_ID,GOODS_ID,NAME,DELIVER,PHONE,BUYDATE,P_CHECK,COUNT,PURCHASE_ID) values ('aaa123',12,'강현구','서울특별시 강남구 삼성로115길 16-1, 123 (삼성동)','01022222222',to_date('20/11/09','RR/MM/DD'),4,1,113);
Insert into DOGWORLD.PURCHASE (USER_ID,GOODS_ID,NAME,DELIVER,PHONE,BUYDATE,P_CHECK,COUNT,PURCHASE_ID) values ('bbb123',1,'강현구','경기도 안산시 단원구 신촌3길 27, 123 (초지동)','01022222222',to_date('20/11/09','RR/MM/DD'),1,1,114);
Insert into DOGWORLD.PURCHASE (USER_ID,GOODS_ID,NAME,DELIVER,PHONE,BUYDATE,P_CHECK,COUNT,PURCHASE_ID) values ('aaa123',4,'강현구','서울특별시 강남구 테헤란로 지하 156, 123 (역삼동)','01024681357',to_date('20/11/09','RR/MM/DD'),1,1,115);
Insert into DOGWORLD.PURCHASE (USER_ID,GOODS_ID,NAME,DELIVER,PHONE,BUYDATE,P_CHECK,COUNT,PURCHASE_ID) values ('bbb123',4,'송동규','제주특별자치도 제주시 조천읍 신촌3길 27, 123 (신흥연립주택)','01012341234',to_date('20/11/09','RR/MM/DD'),1,2,116);
Insert into DOGWORLD.PURCHASE (USER_ID,GOODS_ID,NAME,DELIVER,PHONE,BUYDATE,P_CHECK,COUNT,PURCHASE_ID) values ('kang123',13,'강현구','제주특별자치도 제주시 조천읍 신촌3길 27, 123 (신흥연립주택)','01022222222',to_date('20/11/09','RR/MM/DD'),1,1,117);
REM INSERTING into DOGWORLD.P_COMMENT
SET DEFINE OFF;
Insert into DOGWORLD.P_COMMENT (REGDATE,t_content,POST_ID,USER_ID,COMMENT_ID) values (to_timestamp('20/11/09 16:29:30.000000000','RR/MM/DD HH24:MI:SSXFF'),'너무 귀여워~~~!!',11,'kang123',22);
Insert into DOGWORLD.P_COMMENT (REGDATE,t_content,POST_ID,USER_ID,COMMENT_ID) values (to_timestamp('20/11/09 16:50:35.000000000','RR/MM/DD HH24:MI:SSXFF'),'너무 귀여워요~!!',12,'bbb123',23);
Insert into DOGWORLD.P_COMMENT (REGDATE,t_content,POST_ID,USER_ID,COMMENT_ID) values (to_timestamp('20/11/09 16:51:02.000000000','RR/MM/DD HH24:MI:SSXFF'),'우리집 강아지가 더 귀엽지!',11,'bbb123',24);
Insert into DOGWORLD.P_COMMENT (REGDATE,t_content,POST_ID,USER_ID,COMMENT_ID) values (to_timestamp('20/11/09 17:23:01.000000000','RR/MM/DD HH24:MI:SSXFF'),'와! 너무 귀여워!',15,'kang123',25);
Insert into DOGWORLD.P_COMMENT (REGDATE,t_content,POST_ID,USER_ID,COMMENT_ID) values (to_timestamp('20/11/09 17:23:35.000000000','RR/MM/DD HH24:MI:SSXFF'),'헐...너무 귀엽잖아....',15,'aaa123',26);
Insert into DOGWORLD.P_COMMENT (REGDATE,t_content,POST_ID,USER_ID,COMMENT_ID) values (to_timestamp('20/11/09 15:34:31.000000000','RR/MM/DD HH24:MI:SSXFF'),'kgkgkgk',10,'zzz123',20);
Insert into DOGWORLD.P_COMMENT (REGDATE,t_content,POST_ID,USER_ID,COMMENT_ID) values (to_timestamp('20/11/09 16:29:13.000000000','RR/MM/DD HH24:MI:SSXFF'),'귀엽네!',10,'kang123',21);
REM INSERTING into DOGWORLD.REVIEW
SET DEFINE OFF;
Insert into DOGWORLD.REVIEW (USER_ID,GOODS_ID,t_content,IMAGE,REGDATE,REVIEW_ID) values ('kang123',14,'이거 하나면 털 걱정은 끝!!!','../../upload/purchase/비숑1.jpeg',to_date('20/11/09','RR/MM/DD'),55);
Insert into DOGWORLD.REVIEW (USER_ID,GOODS_ID,t_content,IMAGE,REGDATE,REVIEW_ID) values ('aaa123',4,'좋은 재료로 만든 좋은 사료!!','../../upload/purchase/비숑9.jpeg',to_date('20/11/09','RR/MM/DD'),56);
Insert into DOGWORLD.REVIEW (USER_ID,GOODS_ID,t_content,IMAGE,REGDATE,REVIEW_ID) values ('kang123',4,'우리집 강아지가 너무 좋아해요~!!','../../upload/purchase/비숑2.jpeg',to_date('20/11/09','RR/MM/DD'),53);
Insert into DOGWORLD.REVIEW (USER_ID,GOODS_ID,t_content,IMAGE,REGDATE,REVIEW_ID) values ('kang123',5,'강아지가 환장하는 맛!','../../upload/purchase/비숑3.jpeg',to_date('20/11/09','RR/MM/DD'),54);
Insert into DOGWORLD.REVIEW (USER_ID,GOODS_ID,t_content,IMAGE,REGDATE,REVIEW_ID) values ('bbb123',4,'사료맛집 인정? ','../../upload/purchase/진돗개.jpeg',to_date('20/11/09','RR/MM/DD'),57);
Insert into DOGWORLD.REVIEW (USER_ID,GOODS_ID,t_content,IMAGE,REGDATE,REVIEW_ID) values ('kang123',1,'리뷰입니다. ','../../upload/purchase/noimg.gif',to_date('20/11/09','RR/MM/DD'),59);
REM INSERTING into DOGWORLD.SCHEDULE
SET DEFINE OFF;
Insert into DOGWORLD.SCHEDULE (SCHEDULE_NO,t_content,START_DATE,END_DATE,S_CHECK,USER_ID) values (10,'산책',to_timestamp('20/11/10 15:31:00.000000000','RR/MM/DD HH24:MI:SSXFF'),to_timestamp('20/11/10 16:31:00.000000000','RR/MM/DD HH24:MI:SSXFF'),0,'zzz123');
Insert into DOGWORLD.SCHEDULE (SCHEDULE_NO,t_content,START_DATE,END_DATE,S_CHECK,USER_ID) values (11,'산책하기',to_timestamp('20/11/03 00:00:00.000000000','RR/MM/DD HH24:MI:SSXFF'),to_timestamp('20/11/04 00:00:00.000000000','RR/MM/DD HH24:MI:SSXFF'),0,'kang123');
Insert into DOGWORLD.SCHEDULE (SCHEDULE_NO,t_content,START_DATE,END_DATE,S_CHECK,USER_ID) values (12,'병원',to_timestamp('20/11/06 14:00:00.000000000','RR/MM/DD HH24:MI:SSXFF'),to_timestamp('20/11/06 15:00:00.000000000','RR/MM/DD HH24:MI:SSXFF'),0,'kang123');
Insert into DOGWORLD.SCHEDULE (SCHEDULE_NO,t_content,START_DATE,END_DATE,S_CHECK,USER_ID) values (13,'미용하기',to_timestamp('20/11/10 17:00:00.000000000','RR/MM/DD HH24:MI:SSXFF'),to_timestamp('20/11/10 19:00:00.000000000','RR/MM/DD HH24:MI:SSXFF'),0,'kang123');
Insert into DOGWORLD.SCHEDULE (SCHEDULE_NO,t_content,START_DATE,END_DATE,S_CHECK,USER_ID) values (14,'목욕시키기',to_timestamp('20/11/09 00:00:00.000000000','RR/MM/DD HH24:MI:SSXFF'),to_timestamp('20/11/10 00:00:00.000000000','RR/MM/DD HH24:MI:SSXFF'),0,'kang123');
Insert into DOGWORLD.SCHEDULE (SCHEDULE_NO,t_content,START_DATE,END_DATE,S_CHECK,USER_ID) values (15,'여행가기',to_timestamp('20/11/12 00:00:00.000000000','RR/MM/DD HH24:MI:SSXFF'),to_timestamp('20/11/15 00:00:00.000000000','RR/MM/DD HH24:MI:SSXFF'),0,'kang123');
Insert into DOGWORLD.SCHEDULE (SCHEDULE_NO,t_content,START_DATE,END_DATE,S_CHECK,USER_ID) values (9,'hi',to_timestamp('20/11/09 00:00:00.000000000','RR/MM/DD HH24:MI:SSXFF'),to_timestamp('20/11/14 00:00:00.000000000','RR/MM/DD HH24:MI:SSXFF'),0,'zzz123');
Insert into DOGWORLD.SCHEDULE (SCHEDULE_NO,t_content,START_DATE,END_DATE,S_CHECK,USER_ID) values (16,'산책하기',to_timestamp('20/11/10 00:00:00.000000000','RR/MM/DD HH24:MI:SSXFF'),to_timestamp('20/11/11 00:00:00.000000000','RR/MM/DD HH24:MI:SSXFF'),0,'kang123');
Insert into DOGWORLD.SCHEDULE (SCHEDULE_NO,t_content,START_DATE,END_DATE,S_CHECK,USER_ID) values (18,'사료구매',to_timestamp('20/11/09 00:00:00.000000000','RR/MM/DD HH24:MI:SSXFF'),to_timestamp('20/11/10 00:00:00.000000000','RR/MM/DD HH24:MI:SSXFF'),0,'kang123');
Insert into DOGWORLD.SCHEDULE (SCHEDULE_NO,t_content,START_DATE,END_DATE,S_CHECK,USER_ID) values (19,'발톱깎기',to_timestamp('20/11/10 00:00:00.000000000','RR/MM/DD HH24:MI:SSXFF'),to_timestamp('20/11/11 00:00:00.000000000','RR/MM/DD HH24:MI:SSXFF'),0,'kang123');
REM INSERTING into DOGWORLD.USER_INFO
SET DEFINE OFF;
Insert into DOGWORLD.USER_INFO (USER_ID,PASSWORD,NAME,ADDRESS,EMAIL,PHONE) values ('kang123','12345','강현구','제주특별자치도 제주시 조천읍 신촌3길 27, 123 (신흥연립주택)&제주특별자치도 제주시 조천읍 신촌리 2221-3 신흥연립주택','dkslso@naver.com','01012341234');
Insert into DOGWORLD.USER_INFO (USER_ID,PASSWORD,NAME,ADDRESS,EMAIL,PHONE) values ('aaa123','12345','정요셉','서울특별시 강남구 삼성로115길 16-1, 123 (삼성동)&서울특별시 강남구 삼성동 24-25 에스엠빌딩','coaal@naver.com','01033333333');
Insert into DOGWORLD.USER_INFO (USER_ID,PASSWORD,NAME,ADDRESS,EMAIL,PHONE) values ('bbb123','12345','송동규','서울특별시 서초구 반포대로26길 58, 123 (서초동)&서울특별시 서초구 서초동 1569-6','zcqwe@gmail.com','01055555555');
Insert into DOGWORLD.USER_INFO (USER_ID,PASSWORD,NAME,ADDRESS,EMAIL,PHONE) values ('admin','admin','관리자','서울특별시 강남구 역삼동 코리아아이티','sopsop111@naver.com','01011111111');
Insert into DOGWORLD.USER_INFO (USER_ID,PASSWORD,NAME,ADDRESS,EMAIL,PHONE) values ('zzz123','12345','강현구','제주특별자치도 제주시 조천읍 신촌3길 27, 123 (신흥연립주택)&','lakdasdlaskd@naver.com','01011112222');
--------------------------------------------------------
--  DDL for Index PURCHASE_PK
--------------------------------------------------------

  CREATE UNIQUE INDEX "DOGWORLD"."PURCHASE_PK" ON "DOGWORLD"."PURCHASE" ("PURCHASE_ID") 
  PCTFREE 10 INITRANS 2 MAXTRANS 255 COMPUTE STATISTICS 
  STORAGE(INITIAL 65536 NEXT 1048576 MINEXTENTS 1 MAXEXTENTS 2147483645
  PCTINCREASE 0 FREELISTS 1 FREELIST GROUPS 1 BUFFER_POOL DEFAULT FLASH_CACHE DEFAULT CELL_FLASH_CACHE DEFAULT)
  TABLESPACE "SYSTEM" ;
--------------------------------------------------------
--  DDL for Index P_COMMENT_PK
--------------------------------------------------------

  CREATE UNIQUE INDEX "DOGWORLD"."P_COMMENT_PK" ON "DOGWORLD"."P_COMMENT" ("COMMENT_ID") 
  PCTFREE 10 INITRANS 2 MAXTRANS 255 COMPUTE STATISTICS 
  STORAGE(INITIAL 65536 NEXT 1048576 MINEXTENTS 1 MAXEXTENTS 2147483645
  PCTINCREASE 0 FREELISTS 1 FREELIST GROUPS 1 BUFFER_POOL DEFAULT FLASH_CACHE DEFAULT CELL_FLASH_CACHE DEFAULT)
  TABLESPACE "SYSTEM" ;
--------------------------------------------------------
--  DDL for Index REVIEW_PK
--------------------------------------------------------

  CREATE UNIQUE INDEX "DOGWORLD"."REVIEW_PK" ON "DOGWORLD"."REVIEW" ("REVIEW_ID") 
  PCTFREE 10 INITRANS 2 MAXTRANS 255 COMPUTE STATISTICS 
  STORAGE(INITIAL 65536 NEXT 1048576 MINEXTENTS 1 MAXEXTENTS 2147483645
  PCTINCREASE 0 FREELISTS 1 FREELIST GROUPS 1 BUFFER_POOL DEFAULT FLASH_CACHE DEFAULT CELL_FLASH_CACHE DEFAULT)
  TABLESPACE "SYSTEM" ;
--------------------------------------------------------
--  Constraints for Table POST
--------------------------------------------------------

  ALTER TABLE "DOGWORLD"."POST" ADD PRIMARY KEY ("POST_ID")
  USING INDEX PCTFREE 10 INITRANS 2 MAXTRANS 255 COMPUTE STATISTICS 
  STORAGE(INITIAL 65536 NEXT 1048576 MINEXTENTS 1 MAXEXTENTS 2147483645
  PCTINCREASE 0 FREELISTS 1 FREELIST GROUPS 1 BUFFER_POOL DEFAULT FLASH_CACHE DEFAULT CELL_FLASH_CACHE DEFAULT)
  TABLESPACE "SYSTEM"  ENABLE;
  ALTER TABLE "DOGWORLD"."POST" MODIFY ("POST_ID" NOT NULL ENABLE);
--------------------------------------------------------
--  Constraints for Table SCHEDULE
--------------------------------------------------------

  ALTER TABLE "DOGWORLD"."SCHEDULE" ADD PRIMARY KEY ("SCHEDULE_NO")
  USING INDEX PCTFREE 10 INITRANS 2 MAXTRANS 255 COMPUTE STATISTICS 
  STORAGE(INITIAL 65536 NEXT 1048576 MINEXTENTS 1 MAXEXTENTS 2147483645
  PCTINCREASE 0 FREELISTS 1 FREELIST GROUPS 1 BUFFER_POOL DEFAULT FLASH_CACHE DEFAULT CELL_FLASH_CACHE DEFAULT)
  TABLESPACE "SYSTEM"  ENABLE;
  ALTER TABLE "DOGWORLD"."SCHEDULE" MODIFY ("USER_ID" NOT NULL ENABLE);
  ALTER TABLE "DOGWORLD"."SCHEDULE" MODIFY ("END_DATE" NOT NULL ENABLE);
  ALTER TABLE "DOGWORLD"."SCHEDULE" MODIFY ("START_DATE" NOT NULL ENABLE);
  ALTER TABLE "DOGWORLD"."SCHEDULE" MODIFY ("SCHEDULE_NO" NOT NULL ENABLE);
--------------------------------------------------------
--  Constraints for Table CARD
--------------------------------------------------------

  ALTER TABLE "DOGWORLD"."CARD" ADD UNIQUE ("CARD_NUM")
  USING INDEX PCTFREE 10 INITRANS 2 MAXTRANS 255 COMPUTE STATISTICS 
  STORAGE(INITIAL 65536 NEXT 1048576 MINEXTENTS 1 MAXEXTENTS 2147483645
  PCTINCREASE 0 FREELISTS 1 FREELIST GROUPS 1 BUFFER_POOL DEFAULT FLASH_CACHE DEFAULT CELL_FLASH_CACHE DEFAULT)
  TABLESPACE "SYSTEM"  ENABLE;
  ALTER TABLE "DOGWORLD"."CARD" MODIFY ("USER_ID" NOT NULL ENABLE);
--------------------------------------------------------
--  Constraints for Table DIARY
--------------------------------------------------------

  ALTER TABLE "DOGWORLD"."DIARY" ADD PRIMARY KEY ("DIARY_NO")
  USING INDEX PCTFREE 10 INITRANS 2 MAXTRANS 255 COMPUTE STATISTICS 
  STORAGE(INITIAL 65536 NEXT 1048576 MINEXTENTS 1 MAXEXTENTS 2147483645
  PCTINCREASE 0 FREELISTS 1 FREELIST GROUPS 1 BUFFER_POOL DEFAULT FLASH_CACHE DEFAULT CELL_FLASH_CACHE DEFAULT)
  TABLESPACE "SYSTEM"  ENABLE;
  ALTER TABLE "DOGWORLD"."DIARY" MODIFY ("USER_ID" NOT NULL ENABLE);
  ALTER TABLE "DOGWORLD"."DIARY" MODIFY ("T_CONTENT" NOT NULL ENABLE);
  ALTER TABLE "DOGWORLD"."DIARY" MODIFY ("REGDATE" NOT NULL ENABLE);
  ALTER TABLE "DOGWORLD"."DIARY" MODIFY ("TITLE" NOT NULL ENABLE);
  ALTER TABLE "DOGWORLD"."DIARY" MODIFY ("DIARY_NO" NOT NULL ENABLE);
--------------------------------------------------------
--  Constraints for Table REVIEW
--------------------------------------------------------

  ALTER TABLE "DOGWORLD"."REVIEW" ADD CONSTRAINT "REVIEW_PK" PRIMARY KEY ("REVIEW_ID")
  USING INDEX PCTFREE 10 INITRANS 2 MAXTRANS 255 COMPUTE STATISTICS 
  STORAGE(INITIAL 65536 NEXT 1048576 MINEXTENTS 1 MAXEXTENTS 2147483645
  PCTINCREASE 0 FREELISTS 1 FREELIST GROUPS 1 BUFFER_POOL DEFAULT FLASH_CACHE DEFAULT CELL_FLASH_CACHE DEFAULT)
  TABLESPACE "SYSTEM"  ENABLE;
  ALTER TABLE "DOGWORLD"."REVIEW" MODIFY ("REVIEW_ID" NOT NULL ENABLE);
  ALTER TABLE "DOGWORLD"."REVIEW" MODIFY ("GOODS_ID" NOT NULL ENABLE);
  ALTER TABLE "DOGWORLD"."REVIEW" MODIFY ("USER_ID" NOT NULL ENABLE);
--------------------------------------------------------
--  Constraints for Table DIET
--------------------------------------------------------

  ALTER TABLE "DOGWORLD"."DIET" MODIFY ("PET_ID" NOT NULL ENABLE);
  ALTER TABLE "DOGWORLD"."DIET" MODIFY ("REGDATE" NOT NULL ENABLE);
  ALTER TABLE "DOGWORLD"."DIET" MODIFY ("WEIGHT" NOT NULL ENABLE);
--------------------------------------------------------
--  Constraints for Table FRIENDS
--------------------------------------------------------

  ALTER TABLE "DOGWORLD"."FRIENDS" MODIFY ("FOLLOWING" NOT NULL ENABLE);
  ALTER TABLE "DOGWORLD"."FRIENDS" MODIFY ("FOLLOWER" NOT NULL ENABLE);
--------------------------------------------------------
--  Constraints for Table PET
--------------------------------------------------------

  ALTER TABLE "DOGWORLD"."PET" ADD PRIMARY KEY ("PET_ID")
  USING INDEX PCTFREE 10 INITRANS 2 MAXTRANS 255 COMPUTE STATISTICS 
  STORAGE(INITIAL 65536 NEXT 1048576 MINEXTENTS 1 MAXEXTENTS 2147483645
  PCTINCREASE 0 FREELISTS 1 FREELIST GROUPS 1 BUFFER_POOL DEFAULT FLASH_CACHE DEFAULT CELL_FLASH_CACHE DEFAULT)
  TABLESPACE "SYSTEM"  ENABLE;
  ALTER TABLE "DOGWORLD"."PET" MODIFY ("USER_ID" NOT NULL ENABLE);
  ALTER TABLE "DOGWORLD"."PET" MODIFY ("NAME" NOT NULL ENABLE);
  ALTER TABLE "DOGWORLD"."PET" MODIFY ("PET_ID" NOT NULL ENABLE);
--------------------------------------------------------
--  Constraints for Table POST_LIKE
--------------------------------------------------------

  ALTER TABLE "DOGWORLD"."POST_LIKE" ADD UNIQUE ("POST_ID", "USER_ID")
  USING INDEX PCTFREE 10 INITRANS 2 MAXTRANS 255 COMPUTE STATISTICS 
  STORAGE(INITIAL 65536 NEXT 1048576 MINEXTENTS 1 MAXEXTENTS 2147483645
  PCTINCREASE 0 FREELISTS 1 FREELIST GROUPS 1 BUFFER_POOL DEFAULT FLASH_CACHE DEFAULT CELL_FLASH_CACHE DEFAULT)
  TABLESPACE "SYSTEM"  ENABLE;
  ALTER TABLE "DOGWORLD"."POST_LIKE" MODIFY ("USER_ID" NOT NULL ENABLE);
  ALTER TABLE "DOGWORLD"."POST_LIKE" MODIFY ("POST_ID" NOT NULL ENABLE);
--------------------------------------------------------
--  Constraints for Table P_COMMENT
--------------------------------------------------------

  ALTER TABLE "DOGWORLD"."P_COMMENT" ADD CONSTRAINT "P_COMMENT_PK" PRIMARY KEY ("COMMENT_ID")
  USING INDEX PCTFREE 10 INITRANS 2 MAXTRANS 255 COMPUTE STATISTICS 
  STORAGE(INITIAL 65536 NEXT 1048576 MINEXTENTS 1 MAXEXTENTS 2147483645
  PCTINCREASE 0 FREELISTS 1 FREELIST GROUPS 1 BUFFER_POOL DEFAULT FLASH_CACHE DEFAULT CELL_FLASH_CACHE DEFAULT)
  TABLESPACE "SYSTEM"  ENABLE;
  ALTER TABLE "DOGWORLD"."P_COMMENT" MODIFY ("COMMENT_ID" NOT NULL ENABLE);
  ALTER TABLE "DOGWORLD"."P_COMMENT" MODIFY ("USER_ID" NOT NULL ENABLE);
  ALTER TABLE "DOGWORLD"."P_COMMENT" MODIFY ("POST_ID" NOT NULL ENABLE);
--------------------------------------------------------
--  Constraints for Table USER_INFO
--------------------------------------------------------

  ALTER TABLE "DOGWORLD"."USER_INFO" ADD UNIQUE ("EMAIL")
  USING INDEX PCTFREE 10 INITRANS 2 MAXTRANS 255 COMPUTE STATISTICS 
  STORAGE(INITIAL 65536 NEXT 1048576 MINEXTENTS 1 MAXEXTENTS 2147483645
  PCTINCREASE 0 FREELISTS 1 FREELIST GROUPS 1 BUFFER_POOL DEFAULT FLASH_CACHE DEFAULT CELL_FLASH_CACHE DEFAULT)
  TABLESPACE "SYSTEM"  ENABLE;
  ALTER TABLE "DOGWORLD"."USER_INFO" ADD PRIMARY KEY ("USER_ID")
  USING INDEX PCTFREE 10 INITRANS 2 MAXTRANS 255 COMPUTE STATISTICS 
  STORAGE(INITIAL 65536 NEXT 1048576 MINEXTENTS 1 MAXEXTENTS 2147483645
  PCTINCREASE 0 FREELISTS 1 FREELIST GROUPS 1 BUFFER_POOL DEFAULT FLASH_CACHE DEFAULT CELL_FLASH_CACHE DEFAULT)
  TABLESPACE "SYSTEM"  ENABLE;
  ALTER TABLE "DOGWORLD"."USER_INFO" MODIFY ("PHONE" NOT NULL ENABLE);
  ALTER TABLE "DOGWORLD"."USER_INFO" MODIFY ("EMAIL" NOT NULL ENABLE);
  ALTER TABLE "DOGWORLD"."USER_INFO" MODIFY ("ADDRESS" NOT NULL ENABLE);
  ALTER TABLE "DOGWORLD"."USER_INFO" MODIFY ("NAME" NOT NULL ENABLE);
  ALTER TABLE "DOGWORLD"."USER_INFO" MODIFY ("PASSWORD" NOT NULL ENABLE);
  ALTER TABLE "DOGWORLD"."USER_INFO" MODIFY ("USER_ID" NOT NULL ENABLE);
--------------------------------------------------------
--  Constraints for Table PURCHASE
--------------------------------------------------------

  ALTER TABLE "DOGWORLD"."PURCHASE" MODIFY ("COUNT" NOT NULL ENABLE);
  ALTER TABLE "DOGWORLD"."PURCHASE" MODIFY ("P_CHECK" NOT NULL ENABLE);
  ALTER TABLE "DOGWORLD"."PURCHASE" ADD CONSTRAINT "PURCHASE_PK" PRIMARY KEY ("PURCHASE_ID")
  USING INDEX PCTFREE 10 INITRANS 2 MAXTRANS 255 COMPUTE STATISTICS 
  STORAGE(INITIAL 65536 NEXT 1048576 MINEXTENTS 1 MAXEXTENTS 2147483645
  PCTINCREASE 0 FREELISTS 1 FREELIST GROUPS 1 BUFFER_POOL DEFAULT FLASH_CACHE DEFAULT CELL_FLASH_CACHE DEFAULT)
  TABLESPACE "SYSTEM"  ENABLE;
  ALTER TABLE "DOGWORLD"."PURCHASE" MODIFY ("PURCHASE_ID" NOT NULL ENABLE);
  ALTER TABLE "DOGWORLD"."PURCHASE" MODIFY ("GOODS_ID" NOT NULL ENABLE);
  ALTER TABLE "DOGWORLD"."PURCHASE" MODIFY ("USER_ID" NOT NULL ENABLE);
--------------------------------------------------------
--  Constraints for Table GOODS
--------------------------------------------------------

  ALTER TABLE "DOGWORLD"."GOODS" ADD PRIMARY KEY ("GOODS_ID")
  USING INDEX PCTFREE 10 INITRANS 2 MAXTRANS 255 COMPUTE STATISTICS 
  STORAGE(INITIAL 65536 NEXT 1048576 MINEXTENTS 1 MAXEXTENTS 2147483645
  PCTINCREASE 0 FREELISTS 1 FREELIST GROUPS 1 BUFFER_POOL DEFAULT FLASH_CACHE DEFAULT CELL_FLASH_CACHE DEFAULT)
  TABLESPACE "SYSTEM"  ENABLE;
  ALTER TABLE "DOGWORLD"."GOODS" MODIFY ("COUNT" NOT NULL ENABLE);
  ALTER TABLE "DOGWORLD"."GOODS" MODIFY ("IMG" NOT NULL ENABLE);
  ALTER TABLE "DOGWORLD"."GOODS" MODIFY ("PRICE" NOT NULL ENABLE);
  ALTER TABLE "DOGWORLD"."GOODS" MODIFY ("NAME" NOT NULL ENABLE);
  ALTER TABLE "DOGWORLD"."GOODS" MODIFY ("GOODS_ID" NOT NULL ENABLE);
--------------------------------------------------------
--  Ref Constraints for Table CARD
--------------------------------------------------------

  ALTER TABLE "DOGWORLD"."CARD" ADD CONSTRAINT "SYS_C007707" FOREIGN KEY ("USER_ID")
	  REFERENCES "DOGWORLD"."USER_INFO" ("USER_ID") ON DELETE CASCADE ENABLE;
--------------------------------------------------------
--  Ref Constraints for Table DIARY
--------------------------------------------------------

  ALTER TABLE "DOGWORLD"."DIARY" ADD CONSTRAINT "SYS_C007708" FOREIGN KEY ("USER_ID")
	  REFERENCES "DOGWORLD"."USER_INFO" ("USER_ID") ON DELETE CASCADE ENABLE;
--------------------------------------------------------
--  Ref Constraints for Table DIET
--------------------------------------------------------

  ALTER TABLE "DOGWORLD"."DIET" ADD CONSTRAINT "DIET_FK1" FOREIGN KEY ("PET_ID")
	  REFERENCES "DOGWORLD"."PET" ("PET_ID") ON DELETE CASCADE ENABLE;
--------------------------------------------------------
--  Ref Constraints for Table FRIENDS
--------------------------------------------------------

  ALTER TABLE "DOGWORLD"."FRIENDS" ADD CONSTRAINT "SYS_C007436" FOREIGN KEY ("FOLLOWING")
	  REFERENCES "DOGWORLD"."USER_INFO" ("USER_ID") ON DELETE CASCADE ENABLE;
  ALTER TABLE "DOGWORLD"."FRIENDS" ADD CONSTRAINT "SYS_C007437" FOREIGN KEY ("FOLLOWER")
	  REFERENCES "DOGWORLD"."USER_INFO" ("USER_ID") ON DELETE CASCADE ENABLE;
--------------------------------------------------------
--  Ref Constraints for Table PET
--------------------------------------------------------

  ALTER TABLE "DOGWORLD"."PET" ADD CONSTRAINT "SYS_C007714" FOREIGN KEY ("USER_ID")
	  REFERENCES "DOGWORLD"."USER_INFO" ("USER_ID") ON DELETE CASCADE ENABLE;
--------------------------------------------------------
--  Ref Constraints for Table POST
--------------------------------------------------------

  ALTER TABLE "DOGWORLD"."POST" ADD CONSTRAINT "SYS_C007726" FOREIGN KEY ("USER_ID")
	  REFERENCES "DOGWORLD"."USER_INFO" ("USER_ID") ON DELETE CASCADE ENABLE;
--------------------------------------------------------
--  Ref Constraints for Table POST_LIKE
--------------------------------------------------------

  ALTER TABLE "DOGWORLD"."POST_LIKE" ADD CONSTRAINT "SYS_C007705" FOREIGN KEY ("POST_ID")
	  REFERENCES "DOGWORLD"."POST" ("POST_ID") ON DELETE CASCADE ENABLE;
  ALTER TABLE "DOGWORLD"."POST_LIKE" ADD CONSTRAINT "SYS_C007709" FOREIGN KEY ("USER_ID")
	  REFERENCES "DOGWORLD"."USER_INFO" ("USER_ID") ON DELETE CASCADE ENABLE;
--------------------------------------------------------
--  Ref Constraints for Table PURCHASE
--------------------------------------------------------

  ALTER TABLE "DOGWORLD"."PURCHASE" ADD CONSTRAINT "SYS_C007703" FOREIGN KEY ("GOODS_ID")
	  REFERENCES "DOGWORLD"."GOODS" ("GOODS_ID") ON DELETE CASCADE ENABLE;
  ALTER TABLE "DOGWORLD"."PURCHASE" ADD CONSTRAINT "SYS_C007710" FOREIGN KEY ("USER_ID")
	  REFERENCES "DOGWORLD"."USER_INFO" ("USER_ID") ON DELETE CASCADE ENABLE;
--------------------------------------------------------
--  Ref Constraints for Table P_COMMENT
--------------------------------------------------------

  ALTER TABLE "DOGWORLD"."P_COMMENT" ADD CONSTRAINT "SYS_C007706" FOREIGN KEY ("POST_ID")
	  REFERENCES "DOGWORLD"."POST" ("POST_ID") ON DELETE CASCADE ENABLE;
  ALTER TABLE "DOGWORLD"."P_COMMENT" ADD CONSTRAINT "SYS_C007711" FOREIGN KEY ("USER_ID")
	  REFERENCES "DOGWORLD"."USER_INFO" ("USER_ID") ON DELETE CASCADE ENABLE;
--------------------------------------------------------
--  Ref Constraints for Table REVIEW
--------------------------------------------------------

  ALTER TABLE "DOGWORLD"."REVIEW" ADD CONSTRAINT "SYS_C007704" FOREIGN KEY ("GOODS_ID")
	  REFERENCES "DOGWORLD"."GOODS" ("GOODS_ID") ON DELETE CASCADE ENABLE;
  ALTER TABLE "DOGWORLD"."REVIEW" ADD CONSTRAINT "SYS_C007712" FOREIGN KEY ("USER_ID")
	  REFERENCES "DOGWORLD"."USER_INFO" ("USER_ID") ON DELETE CASCADE ENABLE;
--------------------------------------------------------
--  Ref Constraints for Table SCHEDULE
--------------------------------------------------------

  ALTER TABLE "DOGWORLD"."SCHEDULE" ADD CONSTRAINT "SYS_C007713" FOREIGN KEY ("USER_ID")
	  REFERENCES "DOGWORLD"."USER_INFO" ("USER_ID") ON DELETE CASCADE ENABLE;

	 
	 SELECT * FROM USER_INFO ;
	SELECT * FROM PET p2 ;
SELECT * FROM DIARY d2 ;
SELECT * FROM SCHEDULE s ;
SELECT * FROM DIET d ;
SELECT * FROM PURCHASE p ;
SELECT * FROM GOODS g ;
SELECT * FROM REVIEW r ;
SELECT * FROM admin_purchase;
SELECT * FROM CARD c ;
SELECT * FROM FRIENDS f ;
SELECT * FROM P_COMMENT pc ;
SELECT * FROM POST p ;
SELECT * FROM POST_LIKE pl ;
